model,mae,r2
linear_regression,0.0934191426617695,0.9483001170055774
random_forest,0.133143347663102,0.8990979034998238
